[
  {
    "id": "CZE",
    "name": "Czechia",
    "img": "https://flagcdn.com/cz.svg",
    "continent": "Europe",
    "capital": "Prague",
    "subRegion": "Central Europe",
    "area": 78865,
    "population": 10698896
  },
  {
    "id": "MNG",
    "name": "Mongolia",
    "img": "https://flagcdn.com/mn.svg",
    "continent": "Asia",
    "capital": "Ulan Bator",
    "subRegion": "Eastern Asia",
    "area": 1564110,
    "population": 3278292
  },
  {
    "id": "GLP",
    "name": "Guadeloupe",
    "img": "https://flagcdn.com/gp.svg",
    "continent": "North America",
    "capital": "Basse-Terre",
    "subRegion": "Caribbean",
    "area": 1628,
    "population": 400132
  },
  {
    "id": "FSM",
    "name": "Micronesia",
    "img": "https://flagcdn.com/fm.svg",
    "continent": "Oceania",
    "capital": "Palikir",
    "subRegion": "Micronesia",
    "area": 702,
    "population": 115021
  },
  {
    "id": "GIN",
    "name": "Guinea",
    "img": "https://flagcdn.com/gn.svg",
    "continent": "Africa",
    "capital": "Conakry",
    "subRegion": "Western Africa",
    "area": 245857,
    "population": 13132792
  },
  {
    "id": "ERI",
    "name": "Eritrea",
    "img": "https://flagcdn.com/er.svg",
    "continent": "Africa",
    "capital": "Asmara",
    "subRegion": "Eastern Africa",
    "area": 117600,
    "population": 5352000
  },
  {
    "id": "CIV",
    "name": "Ivory Coast",
    "img": "https://flagcdn.com/ci.svg",
    "continent": "Africa",
    "capital": "Yamoussoukro",
    "subRegion": "Western Africa",
    "area": 322463,
    "population": 26378275
  },
  {
    "id": "ROU",
    "name": "Romania",
    "img": "https://flagcdn.com/ro.svg",
    "continent": "Europe",
    "capital": "Bucharest",
    "subRegion": "Southeast Europe",
    "area": 238391,
    "population": 19286123
  },
  {
    "id": "NER",
    "name": "Niger",
    "img": "https://flagcdn.com/ne.svg",
    "continent": "Africa",
    "capital": "Niamey",
    "subRegion": "Western Africa",
    "area": 1267000,
    "population": 24206636
  },
  {
    "id": "UZB",
    "name": "Uzbekistan",
    "img": "https://flagcdn.com/uz.svg",
    "continent": "Asia",
    "capital": "Tashkent",
    "subRegion": "Central Asia",
    "area": 447400,
    "population": 34232050
  },
  {
    "id": "PRK",
    "name": "North Korea",
    "img": "https://flagcdn.com/kp.svg",
    "continent": "Asia",
    "capital": "Pyongyang",
    "subRegion": "Eastern Asia",
    "area": 120538,
    "population": 25778815
  },
  {
    "id": "TKM",
    "name": "Turkmenistan",
    "img": "https://flagcdn.com/tm.svg",
    "continent": "Asia",
    "capital": "Ashgabat",
    "subRegion": "Central Asia",
    "area": 488100,
    "population": 6031187
  },
  {
    "id": "VAT",
    "name": "Vatican City",
    "img": "https://flagcdn.com/va.svg",
    "continent": "Europe",
    "capital": "Vatican City",
    "subRegion": "Southern Europe",
    "area": 0.44,
    "population": 451
  },
  {
    "id": "SWZ",
    "name": "Eswatini",
    "img": "https://flagcdn.com/sz.svg",
    "continent": "Africa",
    "capital": "Mbabane",
    "subRegion": "Southern Africa",
    "area": 17364,
    "population": 1160164
  },
  {
    "id": "PRT",
    "name": "Portugal",
    "img": "https://flagcdn.com/pt.svg",
    "continent": "Europe",
    "capital": "Lisbon",
    "subRegion": "Southern Europe",
    "area": 92090,
    "population": 10305564
  },
  {
    "id": "COM",
    "name": "Comoros",
    "img": "https://flagcdn.com/km.svg",
    "continent": "Africa",
    "capital": "Moroni",
    "subRegion": "Eastern Africa",
    "area": 1862,
    "population": 869595
  },
  {
    "id": "MWI",
    "name": "Malawi",
    "img": "https://flagcdn.com/mw.svg",
    "continent": "Africa",
    "capital": "Lilongwe",
    "subRegion": "Eastern Africa",
    "area": 118484,
    "population": 19129955
  },
  {
    "id": "GEO",
    "name": "Georgia",
    "img": "https://flagcdn.com/ge.svg",
    "continent": "Asia",
    "capital": "Tbilisi",
    "subRegion": "Western Asia",
    "area": 69700,
    "population": 3714000
  },
  {
    "id": "FLK",
    "name": "Falkland Islands",
    "img": "https://flagcdn.com/fk.svg",
    "continent": "South America",
    "capital": "Stanley",
    "subRegion": "South America",
    "area": 12173,
    "population": 2563
  },
  {
    "id": "DOM",
    "name": "Dominican Republic",
    "img": "https://flagcdn.com/do.svg",
    "continent": "North America",
    "capital": "Santo Domingo",
    "subRegion": "Caribbean",
    "area": 48671,
    "population": 10847904
  },
  {
    "id": "IRQ",
    "name": "Iraq",
    "img": "https://flagcdn.com/iq.svg",
    "continent": "Asia",
    "capital": "Baghdad",
    "subRegion": "Western Asia",
    "area": 438317,
    "population": 40222503
  },
  {
    "id": "URY",
    "name": "Uruguay",
    "img": "https://flagcdn.com/uy.svg",
    "continent": "South America",
    "capital": "Montevideo",
    "subRegion": "South America",
    "area": 181034,
    "population": 3473727
  },
  {
    "id": "MEX",
    "name": "Mexico",
    "img": "https://flagcdn.com/mx.svg",
    "continent": "North America",
    "capital": "Mexico City",
    "subRegion": "North America",
    "area": 1964375,
    "population": 128932753
  },
  {
    "id": "PHL",
    "name": "Philippines",
    "img": "https://flagcdn.com/ph.svg",
    "continent": "Asia",
    "capital": "Manila",
    "subRegion": "South-Eastern Asia",
    "area": 342353,
    "population": 109581085
  },
  {
    "id": "DNK",
    "name": "Denmark",
    "img": "https://flagcdn.com/dk.svg",
    "continent": "Europe",
    "capital": "Copenhagen",
    "subRegion": "Northern Europe",
    "area": 43094,
    "population": 5831404
  },
  {
    "id": "LVA",
    "name": "Latvia",
    "img": "https://flagcdn.com/lv.svg",
    "continent": "Europe",
    "capital": "Riga",
    "subRegion": "Northern Europe",
    "area": 64559,
    "population": 1901548
  },
  {
    "id": "HUN",
    "name": "Hungary",
    "img": "https://flagcdn.com/hu.svg",
    "continent": "Europe",
    "capital": "Budapest",
    "subRegion": "Central Europe",
    "area": 93028,
    "population": 9749763
  },
  {
    "id": "THA",
    "name": "Thailand",
    "img": "https://flagcdn.com/th.svg",
    "continent": "Asia",
    "capital": "Bangkok",
    "subRegion": "South-Eastern Asia",
    "area": 513120,
    "population": 69799978
  },
  {
    "id": "TTO",
    "name": "Trinidad and Tobago",
    "img": "https://flagcdn.com/tt.svg",
    "continent": "North America",
    "capital": "Port of Spain",
    "subRegion": "Caribbean",
    "area": 5130,
    "population": 1399491
  },
  {
    "id": "BVT",
    "name": "Bouvet Island",
    "img": "https://flagcdn.com/bv.svg",
    "continent": "Antarctica",
    "capital": "No tiene capital",
    "area": 49,
    "population": 0
  },
  {
    "id": "VUT",
    "name": "Vanuatu",
    "img": "https://flagcdn.com/vu.svg",
    "continent": "Oceania",
    "capital": "Port Vila",
    "subRegion": "Melanesia",
    "area": 12189,
    "population": 307150
  },
  {
    "id": "ALA",
    "name": "Åland Islands",
    "img": "https://flagcdn.com/ax.svg",
    "continent": "Europe",
    "capital": "Mariehamn",
    "subRegion": "Northern Europe",
    "area": 1580,
    "population": 29458
  },
  {
    "id": "ISR",
    "name": "Israel",
    "img": "https://flagcdn.com/il.svg",
    "continent": "Asia",
    "capital": "Jerusalem",
    "subRegion": "Western Asia",
    "area": 20770,
    "population": 9216900
  },
  {
    "id": "MDG",
    "name": "Madagascar",
    "img": "https://flagcdn.com/mg.svg",
    "continent": "Africa",
    "capital": "Antananarivo",
    "subRegion": "Eastern Africa",
    "area": 587041,
    "population": 27691019
  },
  {
    "id": "JOR",
    "name": "Jordan",
    "img": "https://flagcdn.com/jo.svg",
    "continent": "Asia",
    "capital": "Amman",
    "subRegion": "Western Asia",
    "area": 89342,
    "population": 10203140
  },
  {
    "id": "CAF",
    "name": "Central African Republic",
    "img": "https://flagcdn.com/cf.svg",
    "continent": "Africa",
    "capital": "Bangui",
    "subRegion": "Middle Africa",
    "area": 622984,
    "population": 4829764
  },
  {
    "id": "SSD",
    "name": "South Sudan",
    "img": "https://flagcdn.com/ss.svg",
    "continent": "Africa",
    "capital": "Juba",
    "subRegion": "Middle Africa",
    "area": 619745,
    "population": 11193729
  },
  {
    "id": "UKR",
    "name": "Ukraine",
    "img": "https://flagcdn.com/ua.svg",
    "continent": "Europe",
    "capital": "Kyiv",
    "subRegion": "Eastern Europe",
    "area": 603500,
    "population": 44134693
  },
  {
    "id": "FJI",
    "name": "Fiji",
    "img": "https://flagcdn.com/fj.svg",
    "continent": "Oceania",
    "capital": "Suva",
    "subRegion": "Melanesia",
    "area": 18272,
    "population": 896444
  },
  {
    "id": "HKG",
    "name": "Hong Kong",
    "img": "https://flagcdn.com/hk.svg",
    "continent": "Asia",
    "capital": "City of Victoria",
    "subRegion": "Eastern Asia",
    "area": 1104,
    "population": 7500700
  },
  {
    "id": "CHL",
    "name": "Chile",
    "img": "https://flagcdn.com/cl.svg",
    "continent": "South America",
    "capital": "Santiago",
    "subRegion": "South America",
    "area": 756102,
    "population": 19116209
  },
  {
    "id": "VCT",
    "name": "Saint Vincent and the Grenadines",
    "img": "https://flagcdn.com/vc.svg",
    "continent": "North America",
    "capital": "Kingstown",
    "subRegion": "Caribbean",
    "area": 389,
    "population": 110947
  },
  {
    "id": "JEY",
    "name": "Jersey",
    "img": "https://flagcdn.com/je.svg",
    "continent": "Europe",
    "capital": "Saint Helier",
    "subRegion": "Northern Europe",
    "area": 116,
    "population": 100800
  },
  {
    "id": "SDN",
    "name": "Sudan",
    "img": "https://flagcdn.com/sd.svg",
    "continent": "Africa",
    "capital": "Khartoum",
    "subRegion": "Northern Africa",
    "area": 1886068,
    "population": 43849269
  },
  {
    "id": "PRY",
    "name": "Paraguay",
    "img": "https://flagcdn.com/py.svg",
    "continent": "South America",
    "capital": "Asunción",
    "subRegion": "South America",
    "area": 406752,
    "population": 7132530
  },
  {
    "id": "POL",
    "name": "Poland",
    "img": "https://flagcdn.com/pl.svg",
    "continent": "Europe",
    "capital": "Warsaw",
    "subRegion": "Central Europe",
    "area": 312679,
    "population": 37950802
  },
  {
    "id": "TKL",
    "name": "Tokelau",
    "img": "https://flagcdn.com/tk.svg",
    "continent": "Oceania",
    "capital": "Fakaofo",
    "subRegion": "Polynesia",
    "area": 12,
    "population": 1411
  },
  {
    "id": "LBR",
    "name": "Liberia",
    "img": "https://flagcdn.com/lr.svg",
    "continent": "Africa",
    "capital": "Monrovia",
    "subRegion": "Western Africa",
    "area": 111369,
    "population": 5057677
  },
  {
    "id": "RWA",
    "name": "Rwanda",
    "img": "https://flagcdn.com/rw.svg",
    "continent": "Africa",
    "capital": "Kigali",
    "subRegion": "Eastern Africa",
    "area": 26338,
    "population": 12952209
  },
  {
    "id": "TLS",
    "name": "Timor-Leste",
    "img": "https://flagcdn.com/tl.svg",
    "continent": "Oceania",
    "capital": "Dili",
    "subRegion": "South-Eastern Asia",
    "area": 14874,
    "population": 1318442
  },
  {
    "id": "TCD",
    "name": "Chad",
    "img": "https://flagcdn.com/td.svg",
    "continent": "Africa",
    "capital": "N'Djamena",
    "subRegion": "Middle Africa",
    "area": 1284000,
    "population": 16425859
  },
  {
    "id": "TGO",
    "name": "Togo",
    "img": "https://flagcdn.com/tg.svg",
    "continent": "Africa",
    "capital": "Lomé",
    "subRegion": "Western Africa",
    "area": 56785,
    "population": 8278737
  },
  {
    "id": "BMU",
    "name": "Bermuda",
    "img": "https://flagcdn.com/bm.svg",
    "continent": "North America",
    "capital": "Hamilton",
    "subRegion": "North America",
    "area": 54,
    "population": 63903
  },
  {
    "id": "VNM",
    "name": "Vietnam",
    "img": "https://flagcdn.com/vn.svg",
    "continent": "Asia",
    "capital": "Hanoi",
    "subRegion": "South-Eastern Asia",
    "area": 331212,
    "population": 97338583
  },
  {
    "id": "AZE",
    "name": "Azerbaijan",
    "img": "https://flagcdn.com/az.svg",
    "continent": "Asia",
    "capital": "Baku",
    "subRegion": "Western Asia",
    "area": 86600,
    "population": 10110116
  },
  {
    "id": "NFK",
    "name": "Norfolk Island",
    "img": "https://flagcdn.com/nf.svg",
    "continent": "Oceania",
    "capital": "Kingston",
    "subRegion": "Australia and New Zealand",
    "area": 36,
    "population": 2302
  },
  {
    "id": "NLD",
    "name": "Netherlands",
    "img": "https://flagcdn.com/nl.svg",
    "continent": "Europe",
    "capital": "Amsterdam",
    "subRegion": "Western Europe",
    "area": 41850,
    "population": 16655799
  },
  {
    "id": "ESH",
    "name": "Western Sahara",
    "img": "https://flagcdn.com/eh.svg",
    "continent": "Africa",
    "capital": "El Aaiún",
    "subRegion": "Northern Africa",
    "area": 266000,
    "population": 510713
  },
  {
    "id": "GUF",
    "name": "French Guiana",
    "img": "https://flagcdn.com/gf.svg",
    "continent": "South America",
    "capital": "Cayenne",
    "subRegion": "South America",
    "area": 83534,
    "population": 254541
  },
  {
    "id": "SAU",
    "name": "Saudi Arabia",
    "img": "https://flagcdn.com/sa.svg",
    "continent": "Asia",
    "capital": "Riyadh",
    "subRegion": "Western Asia",
    "area": 2149690,
    "population": 34813867
  },
  {
    "id": "MMR",
    "name": "Myanmar",
    "img": "https://flagcdn.com/mm.svg",
    "continent": "Asia",
    "capital": "Naypyidaw",
    "subRegion": "South-Eastern Asia",
    "area": 676578,
    "population": 54409794
  },
  {
    "id": "RUS",
    "name": "Russia",
    "img": "https://flagcdn.com/ru.svg",
    "continent": "Europe",
    "capital": "Moscow",
    "subRegion": "Eastern Europe",
    "area": 17098242,
    "population": 144104080
  },
  {
    "id": "KIR",
    "name": "Kiribati",
    "img": "https://flagcdn.com/ki.svg",
    "continent": "Oceania",
    "capital": "South Tarawa",
    "subRegion": "Micronesia",
    "area": 811,
    "population": 119446
  },
  {
    "id": "BWA",
    "name": "Botswana",
    "img": "https://flagcdn.com/bw.svg",
    "continent": "Africa",
    "capital": "Gaborone",
    "subRegion": "Southern Africa",
    "area": 582000,
    "population": 2351625
  },
  {
    "id": "PNG",
    "name": "Papua New Guinea",
    "img": "https://flagcdn.com/pg.svg",
    "continent": "Oceania",
    "capital": "Port Moresby",
    "subRegion": "Melanesia",
    "area": 462840,
    "population": 8947027
  },
  {
    "id": "ETH",
    "name": "Ethiopia",
    "img": "https://flagcdn.com/et.svg",
    "continent": "Africa",
    "capital": "Addis Ababa",
    "subRegion": "Eastern Africa",
    "area": 1104300,
    "population": 114963583
  },
  {
    "id": "AIA",
    "name": "Anguilla",
    "img": "https://flagcdn.com/ai.svg",
    "continent": "North America",
    "capital": "The Valley",
    "subRegion": "Caribbean",
    "area": 91,
    "population": 13452
  },
  {
    "id": "DMA",
    "name": "Dominica",
    "img": "https://flagcdn.com/dm.svg",
    "continent": "North America",
    "capital": "Roseau",
    "subRegion": "Caribbean",
    "area": 751,
    "population": 71991
  },
  {
    "id": "BES",
    "name": "Caribbean Netherlands",
    "img": "https://flagcdn.com/bq.svg",
    "continent": "North America",
    "capital": "Kralendijk",
    "subRegion": "Caribbean",
    "area": 328,
    "population": 25987
  },
  {
    "id": "TWN",
    "name": "Taiwan",
    "img": "https://flagcdn.com/tw.svg",
    "continent": "Asia",
    "capital": "Taipei",
    "subRegion": "Eastern Asia",
    "area": 36193,
    "population": 23503349
  },
  {
    "id": "KWT",
    "name": "Kuwait",
    "img": "https://flagcdn.com/kw.svg",
    "continent": "Asia",
    "capital": "Kuwait City",
    "subRegion": "Western Asia",
    "area": 17818,
    "population": 4270563
  },
  {
    "id": "BIH",
    "name": "Bosnia and Herzegovina",
    "img": "https://flagcdn.com/ba.svg",
    "continent": "Europe",
    "capital": "Sarajevo",
    "subRegion": "Southeast Europe",
    "area": 51209,
    "population": 3280815
  },
  {
    "id": "TUR",
    "name": "Turkey",
    "img": "https://flagcdn.com/tr.svg",
    "continent": "Asia",
    "capital": "Ankara",
    "subRegion": "Western Asia",
    "area": 783562,
    "population": 84339067
  },
  {
    "id": "MDA",
    "name": "Moldova",
    "img": "https://flagcdn.com/md.svg",
    "continent": "Europe",
    "capital": "Chișinău",
    "subRegion": "Eastern Europe",
    "area": 33846,
    "population": 2617820
  },
  {
    "id": "SXM",
    "name": "Sint Maarten",
    "img": "https://flagcdn.com/sx.svg",
    "continent": "North America",
    "capital": "Philipsburg",
    "subRegion": "Caribbean",
    "area": 34,
    "population": 40812
  },
  {
    "id": "LBY",
    "name": "Libya",
    "img": "https://flagcdn.com/ly.svg",
    "continent": "Africa",
    "capital": "Tripoli",
    "subRegion": "Northern Africa",
    "area": 1759540,
    "population": 6871287
  },
  {
    "id": "WSM",
    "name": "Samoa",
    "img": "https://flagcdn.com/ws.svg",
    "continent": "Oceania",
    "capital": "Apia",
    "subRegion": "Polynesia",
    "area": 2842,
    "population": 198410
  },
  {
    "id": "BLM",
    "name": "Saint Barthélemy",
    "img": "https://flagcdn.com/bl.svg",
    "continent": "North America",
    "capital": "Gustavia",
    "subRegion": "Caribbean",
    "area": 21,
    "population": 4255
  },
  {
    "id": "KHM",
    "name": "Cambodia",
    "img": "https://flagcdn.com/kh.svg",
    "continent": "Asia",
    "capital": "Phnom Penh",
    "subRegion": "South-Eastern Asia",
    "area": 181035,
    "population": 16718971
  },
  {
    "id": "GRD",
    "name": "Grenada",
    "img": "https://flagcdn.com/gd.svg",
    "continent": "North America",
    "capital": "St. George's",
    "subRegion": "Caribbean",
    "area": 344,
    "population": 112519
  },
  {
    "id": "CPV",
    "name": "Cape Verde",
    "img": "https://flagcdn.com/cv.svg",
    "continent": "Africa",
    "capital": "Praia",
    "subRegion": "Western Africa",
    "area": 4033,
    "population": 555988
  },
  {
    "id": "AUT",
    "name": "Austria",
    "img": "https://flagcdn.com/at.svg",
    "continent": "Europe",
    "capital": "Vienna",
    "subRegion": "Central Europe",
    "area": 83871,
    "population": 8917205
  },
  {
    "id": "TZA",
    "name": "Tanzania",
    "img": "https://flagcdn.com/tz.svg",
    "continent": "Africa",
    "capital": "Dodoma",
    "subRegion": "Eastern Africa",
    "area": 945087,
    "population": 59734213
  },
  {
    "id": "IOT",
    "name": "British Indian Ocean Territory",
    "img": "https://flagcdn.com/io.svg",
    "continent": "Asia",
    "capital": "Diego Garcia",
    "subRegion": "Eastern Africa",
    "area": 60,
    "population": 3000
  },
  {
    "id": "BTN",
    "name": "Bhutan",
    "img": "https://flagcdn.com/bt.svg",
    "continent": "Asia",
    "capital": "Thimphu",
    "subRegion": "Southern Asia",
    "area": 38394,
    "population": 771612
  },
  {
    "id": "GGY",
    "name": "Guernsey",
    "img": "https://flagcdn.com/gg.svg",
    "continent": "Europe",
    "capital": "St. Peter Port",
    "subRegion": "Northern Europe",
    "area": 78,
    "population": 62999
  },
  {
    "id": "ZWE",
    "name": "Zimbabwe",
    "img": "https://flagcdn.com/zw.svg",
    "continent": "Africa",
    "capital": "Harare",
    "subRegion": "Southern Africa",
    "area": 390757,
    "population": 14862927
  },
  {
    "id": "GNQ",
    "name": "Equatorial Guinea",
    "img": "https://flagcdn.com/gq.svg",
    "continent": "Africa",
    "capital": "Malabo",
    "subRegion": "Middle Africa",
    "area": 28051,
    "population": 1402985
  },
  {
    "id": "CRI",
    "name": "Costa Rica",
    "img": "https://flagcdn.com/cr.svg",
    "continent": "North America",
    "capital": "San José",
    "subRegion": "Central America",
    "area": 51100,
    "population": 5094114
  },
  {
    "id": "AND",
    "name": "Andorra",
    "img": "https://flagcdn.com/ad.svg",
    "continent": "Europe",
    "capital": "Andorra la Vella",
    "subRegion": "Southern Europe",
    "area": 468,
    "population": 77265
  },
  {
    "id": "TON",
    "name": "Tonga",
    "img": "https://flagcdn.com/to.svg",
    "continent": "Oceania",
    "capital": "Nuku'alofa",
    "subRegion": "Polynesia",
    "area": 747,
    "population": 105697
  },
  {
    "id": "GMB",
    "name": "Gambia",
    "img": "https://flagcdn.com/gm.svg",
    "continent": "Africa",
    "capital": "Banjul",
    "subRegion": "Western Africa",
    "area": 10689,
    "population": 2416664
  },
  {
    "id": "CMR",
    "name": "Cameroon",
    "img": "https://flagcdn.com/cm.svg",
    "continent": "Africa",
    "capital": "Yaoundé",
    "subRegion": "Middle Africa",
    "area": 475442,
    "population": 26545864
  },
  {
    "id": "MAR",
    "name": "Morocco",
    "img": "https://flagcdn.com/ma.svg",
    "continent": "Africa",
    "capital": "Rabat",
    "subRegion": "Northern Africa",
    "area": 446550,
    "population": 36910558
  },
  {
    "id": "CHN",
    "name": "China",
    "img": "https://flagcdn.com/cn.svg",
    "continent": "Asia",
    "capital": "Beijing",
    "subRegion": "Eastern Asia",
    "area": 9706961,
    "population": 1402112000
  },
  {
    "id": "MCO",
    "name": "Monaco",
    "img": "https://flagcdn.com/mc.svg",
    "continent": "Europe",
    "capital": "Monaco",
    "subRegion": "Western Europe",
    "area": 2.02,
    "population": 39244
  },
  {
    "id": "CUB",
    "name": "Cuba",
    "img": "https://flagcdn.com/cu.svg",
    "continent": "North America",
    "capital": "Havana",
    "subRegion": "Caribbean",
    "area": 109884,
    "population": 11326616
  },
  {
    "id": "LSO",
    "name": "Lesotho",
    "img": "https://flagcdn.com/ls.svg",
    "continent": "Africa",
    "capital": "Maseru",
    "subRegion": "Southern Africa",
    "area": 30355,
    "population": 2142252
  },
  {
    "id": "SYC",
    "name": "Seychelles",
    "img": "https://flagcdn.com/sc.svg",
    "continent": "Africa",
    "capital": "Victoria",
    "subRegion": "Eastern Africa",
    "area": 452,
    "population": 98462
  },
  {
    "id": "GUM",
    "name": "Guam",
    "img": "https://flagcdn.com/gu.svg",
    "continent": "Oceania",
    "capital": "Hagåtña",
    "subRegion": "Micronesia",
    "area": 549,
    "population": 168783
  },
  {
    "id": "KGZ",
    "name": "Kyrgyzstan",
    "img": "https://flagcdn.com/kg.svg",
    "continent": "Asia",
    "capital": "Bishkek",
    "subRegion": "Central Asia",
    "area": 199951,
    "population": 6591600
  },
  {
    "id": "CUW",
    "name": "Curaçao",
    "img": "https://flagcdn.com/cw.svg",
    "continent": "North America",
    "capital": "Willemstad",
    "subRegion": "Caribbean",
    "area": 444,
    "population": 155014
  },
  {
    "id": "MAF",
    "name": "Saint Martin",
    "img": "https://flagcdn.com/mf.svg",
    "continent": "North America",
    "capital": "Marigot",
    "subRegion": "Caribbean",
    "area": 53,
    "population": 38659
  },
  {
    "id": "EGY",
    "name": "Egypt",
    "img": "https://flagcdn.com/eg.svg",
    "continent": "Africa",
    "capital": "Cairo",
    "subRegion": "Northern Africa",
    "area": 1002450,
    "population": 102334403
  },
  {
    "id": "MSR",
    "name": "Montserrat",
    "img": "https://flagcdn.com/ms.svg",
    "continent": "North America",
    "capital": "Plymouth",
    "subRegion": "Caribbean",
    "area": 102,
    "population": 4922
  },
  {
    "id": "BLR",
    "name": "Belarus",
    "img": "https://flagcdn.com/by.svg",
    "continent": "Europe",
    "capital": "Minsk",
    "subRegion": "Eastern Europe",
    "area": 207600,
    "population": 9398861
  },
  {
    "id": "ESP",
    "name": "Spain",
    "img": "https://flagcdn.com/es.svg",
    "continent": "Europe",
    "capital": "Madrid",
    "subRegion": "Southern Europe",
    "area": 505992,
    "population": 47351567
  },
  {
    "id": "LAO",
    "name": "Laos",
    "img": "https://flagcdn.com/la.svg",
    "continent": "Asia",
    "capital": "Vientiane",
    "subRegion": "South-Eastern Asia",
    "area": 236800,
    "population": 7275556
  },
  {
    "id": "BRN",
    "name": "Brunei",
    "img": "https://flagcdn.com/bn.svg",
    "continent": "Asia",
    "capital": "Bandar Seri Begawan",
    "subRegion": "South-Eastern Asia",
    "area": 5765,
    "population": 437483
  },
  {
    "id": "FIN",
    "name": "Finland",
    "img": "https://flagcdn.com/fi.svg",
    "continent": "Europe",
    "capital": "Helsinki",
    "subRegion": "Northern Europe",
    "area": 338424,
    "population": 5530719
  },
  {
    "id": "ZAF",
    "name": "South Africa",
    "img": "https://flagcdn.com/za.svg",
    "continent": "Africa",
    "capital": "Pretoria",
    "subRegion": "Southern Africa",
    "area": 1221037,
    "population": 59308690
  },
  {
    "id": "YEM",
    "name": "Yemen",
    "img": "https://flagcdn.com/ye.svg",
    "continent": "Asia",
    "capital": "Sana'a",
    "subRegion": "Western Asia",
    "area": 527968,
    "population": 29825968
  },
  {
    "id": "ATA",
    "name": "Antarctica",
    "img": "https://flagcdn.com/aq.svg",
    "continent": "Antarctica",
    "capital": "No tiene capital",
    "area": 14000000,
    "population": 1000
  },
  {
    "id": "BGD",
    "name": "Bangladesh",
    "img": "https://flagcdn.com/bd.svg",
    "continent": "Asia",
    "capital": "Dhaka",
    "subRegion": "Southern Asia",
    "area": 147570,
    "population": 164689383
  },
  {
    "id": "GRC",
    "name": "Greece",
    "img": "https://flagcdn.com/gr.svg",
    "continent": "Europe",
    "capital": "Athens",
    "subRegion": "Southern Europe",
    "area": 131990,
    "population": 10715549
  },
  {
    "id": "ISL",
    "name": "Iceland",
    "img": "https://flagcdn.com/is.svg",
    "continent": "Europe",
    "capital": "Reykjavik",
    "subRegion": "Northern Europe",
    "area": 103000,
    "population": 366425
  },
  {
    "id": "SHN",
    "name": "Saint Helena, Ascension and Tristan da Cunha",
    "img": "https://flagcdn.com/sh.svg",
    "continent": "Africa",
    "capital": "Jamestown",
    "subRegion": "Western Africa",
    "area": 394,
    "population": 53192
  },
  {
    "id": "COD",
    "name": "DR Congo",
    "img": "https://flagcdn.com/cd.svg",
    "continent": "Africa",
    "capital": "Kinshasa",
    "subRegion": "Middle Africa",
    "area": 2344858,
    "population": 89561404
  },
  {
    "id": "NIC",
    "name": "Nicaragua",
    "img": "https://flagcdn.com/ni.svg",
    "continent": "North America",
    "capital": "Managua",
    "subRegion": "Central America",
    "area": 130373,
    "population": 6624554
  },
  {
    "id": "TUN",
    "name": "Tunisia",
    "img": "https://flagcdn.com/tn.svg",
    "continent": "Africa",
    "capital": "Tunis",
    "subRegion": "Northern Africa",
    "area": 163610,
    "population": 11818618
  },
  {
    "id": "MDV",
    "name": "Maldives",
    "img": "https://flagcdn.com/mv.svg",
    "continent": "Asia",
    "capital": "Malé",
    "subRegion": "Southern Asia",
    "area": 300,
    "population": 540542
  },
  {
    "id": "KNA",
    "name": "Saint Kitts and Nevis",
    "img": "https://flagcdn.com/kn.svg",
    "continent": "North America",
    "capital": "Basseterre",
    "subRegion": "Caribbean",
    "area": 261,
    "population": 53192
  },
  {
    "id": "ITA",
    "name": "Italy",
    "img": "https://flagcdn.com/it.svg",
    "continent": "Europe",
    "capital": "Rome",
    "subRegion": "Southern Europe",
    "area": 301336,
    "population": 59554023
  },
  {
    "id": "KEN",
    "name": "Kenya",
    "img": "https://flagcdn.com/ke.svg",
    "continent": "Africa",
    "capital": "Nairobi",
    "subRegion": "Eastern Africa",
    "area": 580367,
    "population": 53771300
  },
  {
    "id": "SEN",
    "name": "Senegal",
    "img": "https://flagcdn.com/sn.svg",
    "continent": "Africa",
    "capital": "Dakar",
    "subRegion": "Western Africa",
    "area": 196722,
    "population": 16743930
  },
  {
    "id": "CYM",
    "name": "Cayman Islands",
    "img": "https://flagcdn.com/ky.svg",
    "continent": "North America",
    "capital": "George Town",
    "subRegion": "Caribbean",
    "area": 264,
    "population": 65720
  },
  {
    "id": "PCN",
    "name": "Pitcairn Islands",
    "img": "https://flagcdn.com/pn.svg",
    "continent": "Oceania",
    "capital": "Adamstown",
    "subRegion": "Polynesia",
    "area": 47,
    "population": 56
  },
  {
    "id": "HMD",
    "name": "Heard Island and McDonald Islands",
    "img": "https://flagcdn.com/hm.svg",
    "continent": "Antarctica",
    "capital": "No tiene capital",
    "area": 412,
    "population": 0
  },
  {
    "id": "MAC",
    "name": "Macau",
    "img": "https://flagcdn.com/mo.svg",
    "continent": "Asia",
    "capital": "No tiene capital",
    "subRegion": "Eastern Asia",
    "area": 30,
    "population": 649342
  },
  {
    "id": "CHE",
    "name": "Switzerland",
    "img": "https://flagcdn.com/ch.svg",
    "continent": "Europe",
    "capital": "Bern",
    "subRegion": "Western Europe",
    "area": 41284,
    "population": 8654622
  },
  {
    "id": "MUS",
    "name": "Mauritius",
    "img": "https://flagcdn.com/mu.svg",
    "continent": "Africa",
    "capital": "Port Louis",
    "subRegion": "Eastern Africa",
    "area": 2040,
    "population": 1265740
  },
  {
    "id": "USA",
    "name": "United States",
    "img": "https://flagcdn.com/us.svg",
    "continent": "North America",
    "capital": "Washington, D.C.",
    "subRegion": "North America",
    "area": 9372610,
    "population": 329484123
  },
  {
    "id": "SMR",
    "name": "San Marino",
    "img": "https://flagcdn.com/sm.svg",
    "continent": "Europe",
    "capital": "City of San Marino",
    "subRegion": "Southern Europe",
    "area": 61,
    "population": 33938
  },
  {
    "id": "ARE",
    "name": "United Arab Emirates",
    "img": "https://flagcdn.com/ae.svg",
    "continent": "Asia",
    "capital": "Abu Dhabi",
    "subRegion": "Western Asia",
    "area": 83600,
    "population": 9890400
  },
  {
    "id": "COK",
    "name": "Cook Islands",
    "img": "https://flagcdn.com/ck.svg",
    "continent": "Oceania",
    "capital": "Avarua",
    "subRegion": "Polynesia",
    "area": 236,
    "population": 18100
  },
  {
    "id": "MNE",
    "name": "Montenegro",
    "img": "https://flagcdn.com/me.svg",
    "continent": "Europe",
    "capital": "Podgorica",
    "subRegion": "Southeast Europe",
    "area": 13812,
    "population": 621718
  },
  {
    "id": "LTU",
    "name": "Lithuania",
    "img": "https://flagcdn.com/lt.svg",
    "continent": "Europe",
    "capital": "Vilnius",
    "subRegion": "Northern Europe",
    "area": 65300,
    "population": 2794700
  },
  {
    "id": "GRL",
    "name": "Greenland",
    "img": "https://flagcdn.com/gl.svg",
    "continent": "North America",
    "capital": "Nuuk",
    "subRegion": "North America",
    "area": 2166086,
    "population": 56367
  },
  {
    "id": "PSE",
    "name": "Palestine",
    "img": "https://flagcdn.com/ps.svg",
    "continent": "Asia",
    "capital": "Ramallah",
    "subRegion": "Western Asia",
    "area": 6220,
    "population": 4803269
  },
  {
    "id": "LIE",
    "name": "Liechtenstein",
    "img": "https://flagcdn.com/li.svg",
    "continent": "Europe",
    "capital": "Vaduz",
    "subRegion": "Western Europe",
    "area": 160,
    "population": 38137
  },
  {
    "id": "ZMB",
    "name": "Zambia",
    "img": "https://flagcdn.com/zm.svg",
    "continent": "Africa",
    "capital": "Lusaka",
    "subRegion": "Eastern Africa",
    "area": 752612,
    "population": 18383956
  },
  {
    "id": "ECU",
    "name": "Ecuador",
    "img": "https://flagcdn.com/ec.svg",
    "continent": "South America",
    "capital": "Quito",
    "subRegion": "South America",
    "area": 276841,
    "population": 17643060
  },
  {
    "id": "BHR",
    "name": "Bahrain",
    "img": "https://flagcdn.com/bh.svg",
    "continent": "Asia",
    "capital": "Manama",
    "subRegion": "Western Asia",
    "area": 765,
    "population": 1701583
  },
  {
    "id": "SOM",
    "name": "Somalia",
    "img": "https://flagcdn.com/so.svg",
    "continent": "Africa",
    "capital": "Mogadishu",
    "subRegion": "Eastern Africa",
    "area": 637657,
    "population": 15893219
  },
  {
    "id": "NIU",
    "name": "Niue",
    "img": "https://flagcdn.com/nu.svg",
    "continent": "Oceania",
    "capital": "Alofi",
    "subRegion": "Polynesia",
    "area": 260,
    "population": 1470
  },
  {
    "id": "BRB",
    "name": "Barbados",
    "img": "https://flagcdn.com/bb.svg",
    "continent": "North America",
    "capital": "Bridgetown",
    "subRegion": "Caribbean",
    "area": 430,
    "population": 287371
  },
  {
    "id": "IND",
    "name": "India",
    "img": "https://flagcdn.com/in.svg",
    "continent": "Asia",
    "capital": "New Delhi",
    "subRegion": "Southern Asia",
    "area": 3287590,
    "population": 1380004385
  },
  {
    "id": "CYP",
    "name": "Cyprus",
    "img": "https://flagcdn.com/cy.svg",
    "continent": "Europe",
    "capital": "Nicosia",
    "subRegion": "Southern Europe",
    "area": 9251,
    "population": 1207361
  },
  {
    "id": "GAB",
    "name": "Gabon",
    "img": "https://flagcdn.com/ga.svg",
    "continent": "Africa",
    "capital": "Libreville",
    "subRegion": "Middle Africa",
    "area": 267668,
    "population": 2225728
  },
  {
    "id": "DEU",
    "name": "Germany",
    "img": "https://flagcdn.com/de.svg",
    "continent": "Europe",
    "capital": "Berlin",
    "subRegion": "Western Europe",
    "area": 357114,
    "population": 83240525
  },
  {
    "id": "SGS",
    "name": "South Georgia",
    "img": "https://flagcdn.com/gs.svg",
    "continent": "Antarctica",
    "capital": "King Edward Point",
    "area": 3903,
    "population": 30
  },
  {
    "id": "HTI",
    "name": "Haiti",
    "img": "https://flagcdn.com/ht.svg",
    "continent": "North America",
    "capital": "Port-au-Prince",
    "subRegion": "Caribbean",
    "area": 27750,
    "population": 11402533
  },
  {
    "id": "BFA",
    "name": "Burkina Faso",
    "img": "https://flagcdn.com/bf.svg",
    "continent": "Africa",
    "capital": "Ouagadougou",
    "subRegion": "Western Africa",
    "area": 272967,
    "population": 20903278
  },
  {
    "id": "COL",
    "name": "Colombia",
    "img": "https://flagcdn.com/co.svg",
    "continent": "South America",
    "capital": "Bogotá",
    "subRegion": "South America",
    "area": 1141748,
    "population": 50882884
  },
  {
    "id": "GNB",
    "name": "Guinea-Bissau",
    "img": "https://flagcdn.com/gw.svg",
    "continent": "Africa",
    "capital": "Bissau",
    "subRegion": "Western Africa",
    "area": 36125,
    "population": 1967998
  },
  {
    "id": "GTM",
    "name": "Guatemala",
    "img": "https://flagcdn.com/gt.svg",
    "continent": "North America",
    "capital": "Guatemala City",
    "subRegion": "Central America",
    "area": 108889,
    "population": 16858333
  },
  {
    "id": "GIB",
    "name": "Gibraltar",
    "img": "https://flagcdn.com/gi.svg",
    "continent": "Europe",
    "capital": "Gibraltar",
    "subRegion": "Southern Europe",
    "area": 6,
    "population": 33691
  },
  {
    "id": "ASM",
    "name": "American Samoa",
    "img": "https://flagcdn.com/as.svg",
    "continent": "Oceania",
    "capital": "Pago Pago",
    "subRegion": "Polynesia",
    "area": 199,
    "population": 55197
  },
  {
    "id": "BLZ",
    "name": "Belize",
    "img": "https://flagcdn.com/bz.svg",
    "continent": "North America",
    "capital": "Belmopan",
    "subRegion": "Central America",
    "area": 22966,
    "population": 397621
  },
  {
    "id": "SYR",
    "name": "Syria",
    "img": "https://flagcdn.com/sy.svg",
    "continent": "Asia",
    "capital": "Damascus",
    "subRegion": "Western Asia",
    "area": 185180,
    "population": 17500657
  },
  {
    "id": "CAN",
    "name": "Canada",
    "img": "https://flagcdn.com/ca.svg",
    "continent": "North America",
    "capital": "Ottawa",
    "subRegion": "North America",
    "area": 9984670,
    "population": 38005238
  },
  {
    "id": "STP",
    "name": "São Tomé and Príncipe",
    "img": "https://flagcdn.com/st.svg",
    "continent": "Africa",
    "capital": "São Tomé",
    "subRegion": "Middle Africa",
    "area": 964,
    "population": 219161
  },
  {
    "id": "UMI",
    "name": "United States Minor Outlying Islands",
    "img": "https://flagcdn.com/um.svg",
    "continent": "Oceania",
    "capital": "No tiene capital",
    "subRegion": "North America",
    "area": 34.2,
    "population": 300
  },
  {
    "id": "SRB",
    "name": "Serbia",
    "img": "https://flagcdn.com/rs.svg",
    "continent": "Europe",
    "capital": "Belgrade",
    "subRegion": "Southeast Europe",
    "area": 88361,
    "population": 6908224
  },
  {
    "id": "SLV",
    "name": "El Salvador",
    "img": "https://flagcdn.com/sv.svg",
    "continent": "North America",
    "capital": "San Salvador",
    "subRegion": "Central America",
    "area": 21041,
    "population": 6486201
  },
  {
    "id": "IDN",
    "name": "Indonesia",
    "img": "https://flagcdn.com/id.svg",
    "continent": "Asia",
    "capital": "Jakarta",
    "subRegion": "South-Eastern Asia",
    "area": 1904569,
    "population": 273523621
  },
  {
    "id": "TCA",
    "name": "Turks and Caicos Islands",
    "img": "https://flagcdn.com/tc.svg",
    "continent": "North America",
    "capital": "Cockburn Town",
    "subRegion": "Caribbean",
    "area": 948,
    "population": 38718
  },
  {
    "id": "JPN",
    "name": "Japan",
    "img": "https://flagcdn.com/jp.svg",
    "continent": "Asia",
    "capital": "Tokyo",
    "subRegion": "Eastern Asia",
    "area": 377930,
    "population": 125836021
  },
  {
    "id": "UNK",
    "name": "Kosovo",
    "img": "https://flagcdn.com/xk.svg",
    "continent": "Europe",
    "capital": "Pristina",
    "subRegion": "Southeast Europe",
    "area": 10908,
    "population": 1775378
  },
  {
    "id": "PRI",
    "name": "Puerto Rico",
    "img": "https://flagcdn.com/pr.svg",
    "continent": "North America",
    "capital": "San Juan",
    "subRegion": "Caribbean",
    "area": 8870,
    "population": 3194034
  },
  {
    "id": "NGA",
    "name": "Nigeria",
    "img": "https://flagcdn.com/ng.svg",
    "continent": "Africa",
    "capital": "Abuja",
    "subRegion": "Western Africa",
    "area": 923768,
    "population": 206139587
  },
  {
    "id": "PER",
    "name": "Peru",
    "img": "https://flagcdn.com/pe.svg",
    "continent": "South America",
    "capital": "Lima",
    "subRegion": "South America",
    "area": 1285216,
    "population": 32971846
  },
  {
    "id": "NPL",
    "name": "Nepal",
    "img": "https://flagcdn.com/np.svg",
    "continent": "Asia",
    "capital": "Kathmandu",
    "subRegion": "Southern Asia",
    "area": 147181,
    "population": 29136808
  },
  {
    "id": "BOL",
    "name": "Bolivia",
    "img": "https://flagcdn.com/bo.svg",
    "continent": "South America",
    "capital": "Sucre",
    "subRegion": "South America",
    "area": 1098581,
    "population": 11673029
  },
  {
    "id": "FRA",
    "name": "France",
    "img": "https://flagcdn.com/fr.svg",
    "continent": "Europe",
    "capital": "Paris",
    "subRegion": "Western Europe",
    "area": 551695,
    "population": 67391582
  },
  {
    "id": "LUX",
    "name": "Luxembourg",
    "img": "https://flagcdn.com/lu.svg",
    "continent": "Europe",
    "capital": "Luxembourg",
    "subRegion": "Western Europe",
    "area": 2586,
    "population": 632275
  },
  {
    "id": "PAK",
    "name": "Pakistan",
    "img": "https://flagcdn.com/pk.svg",
    "continent": "Asia",
    "capital": "Islamabad",
    "subRegion": "Southern Asia",
    "area": 881912,
    "population": 220892331
  },
  {
    "id": "DJI",
    "name": "Djibouti",
    "img": "https://flagcdn.com/dj.svg",
    "continent": "Africa",
    "capital": "Djibouti",
    "subRegion": "Eastern Africa",
    "area": 23200,
    "population": 988002
  },
  {
    "id": "NCL",
    "name": "New Caledonia",
    "img": "https://flagcdn.com/nc.svg",
    "continent": "Oceania",
    "capital": "Nouméa",
    "subRegion": "Melanesia",
    "area": 18575,
    "population": 271960
  },
  {
    "id": "EST",
    "name": "Estonia",
    "img": "https://flagcdn.com/ee.svg",
    "continent": "Europe",
    "capital": "Tallinn",
    "subRegion": "Northern Europe",
    "area": 45227,
    "population": 1331057
  },
  {
    "id": "MRT",
    "name": "Mauritania",
    "img": "https://flagcdn.com/mr.svg",
    "continent": "Africa",
    "capital": "Nouakchott",
    "subRegion": "Western Africa",
    "area": 1030700,
    "population": 4649660
  },
  {
    "id": "AGO",
    "name": "Angola",
    "img": "https://flagcdn.com/ao.svg",
    "continent": "Africa",
    "capital": "Luanda",
    "subRegion": "Middle Africa",
    "area": 1246700,
    "population": 32866268
  },
  {
    "id": "KAZ",
    "name": "Kazakhstan",
    "img": "https://flagcdn.com/kz.svg",
    "continent": "Asia",
    "capital": "Nur-Sultan",
    "subRegion": "Central Asia",
    "area": 2724900,
    "population": 18754440
  },
  {
    "id": "BEN",
    "name": "Benin",
    "img": "https://flagcdn.com/bj.svg",
    "continent": "Africa",
    "capital": "Porto-Novo",
    "subRegion": "Western Africa",
    "area": 112622,
    "population": 12123198
  },
  {
    "id": "PYF",
    "name": "French Polynesia",
    "img": "https://flagcdn.com/pf.svg",
    "continent": "Oceania",
    "capital": "Papeetē",
    "subRegion": "Polynesia",
    "area": 4167,
    "population": 280904
  },
  {
    "id": "GHA",
    "name": "Ghana",
    "img": "https://flagcdn.com/gh.svg",
    "continent": "Africa",
    "capital": "Accra",
    "subRegion": "Western Africa",
    "area": 238533,
    "population": 31072945
  },
  {
    "id": "JAM",
    "name": "Jamaica",
    "img": "https://flagcdn.com/jm.svg",
    "continent": "North America",
    "capital": "Kingston",
    "subRegion": "Caribbean",
    "area": 10991,
    "population": 2961161
  },
  {
    "id": "MNP",
    "name": "Northern Mariana Islands",
    "img": "https://flagcdn.com/mp.svg",
    "continent": "Oceania",
    "capital": "Saipan",
    "subRegion": "Micronesia",
    "area": 464,
    "population": 57557
  },
  {
    "id": "LBN",
    "name": "Lebanon",
    "img": "https://flagcdn.com/lb.svg",
    "continent": "Asia",
    "capital": "Beirut",
    "subRegion": "Western Asia",
    "area": 10452,
    "population": 6825442
  },
  {
    "id": "TJK",
    "name": "Tajikistan",
    "img": "https://flagcdn.com/tj.svg",
    "continent": "Asia",
    "capital": "Dushanbe",
    "subRegion": "Central Asia",
    "area": 143100,
    "population": 9537642
  },
  {
    "id": "VIR",
    "name": "United States Virgin Islands",
    "img": "https://flagcdn.com/vi.svg",
    "continent": "North America",
    "capital": "Charlotte Amalie",
    "subRegion": "Caribbean",
    "area": 347,
    "population": 106290
  },
  {
    "id": "SVN",
    "name": "Slovenia",
    "img": "https://flagcdn.com/si.svg",
    "continent": "Europe",
    "capital": "Ljubljana",
    "subRegion": "Central Europe",
    "area": 20273,
    "population": 2100126
  },
  {
    "id": "FRO",
    "name": "Faroe Islands",
    "img": "https://flagcdn.com/fo.svg",
    "continent": "Europe",
    "capital": "Tórshavn",
    "subRegion": "Northern Europe",
    "area": 1393,
    "population": 48865
  },
  {
    "id": "PAN",
    "name": "Panama",
    "img": "https://flagcdn.com/pa.svg",
    "continent": "North America",
    "capital": "Panama City",
    "subRegion": "Central America",
    "area": 75417,
    "population": 4314768
  },
  {
    "id": "NAM",
    "name": "Namibia",
    "img": "https://flagcdn.com/na.svg",
    "continent": "Africa",
    "capital": "Windhoek",
    "subRegion": "Southern Africa",
    "area": 825615,
    "population": 2540916
  },
  {
    "id": "SPM",
    "name": "Saint Pierre and Miquelon",
    "img": "https://flagcdn.com/pm.svg",
    "continent": "North America",
    "capital": "Saint-Pierre",
    "subRegion": "North America",
    "area": 242,
    "population": 6069
  },
  {
    "id": "SJM",
    "name": "Svalbard and Jan Mayen",
    "img": "https://flagcdn.com/sj.svg",
    "continent": "Europe",
    "capital": "Longyearbyen",
    "subRegion": "Northern Europe",
    "area": -1,
    "population": 2562
  },
  {
    "id": "IRL",
    "name": "Ireland",
    "img": "https://flagcdn.com/ie.svg",
    "continent": "Europe",
    "capital": "Dublin",
    "subRegion": "Northern Europe",
    "area": 70273,
    "population": 4994724
  },
  {
    "id": "SLB",
    "name": "Solomon Islands",
    "img": "https://flagcdn.com/sb.svg",
    "continent": "Oceania",
    "capital": "Honiara",
    "subRegion": "Melanesia",
    "area": 28896,
    "population": 686878
  },
  {
    "id": "ARG",
    "name": "Argentina",
    "img": "https://flagcdn.com/ar.svg",
    "continent": "South America",
    "capital": "Buenos Aires",
    "subRegion": "South America",
    "area": 2780400,
    "population": 45376763
  },
  {
    "id": "NOR",
    "name": "Norway",
    "img": "https://flagcdn.com/no.svg",
    "continent": "Europe",
    "capital": "Oslo",
    "subRegion": "Northern Europe",
    "area": 323802,
    "population": 5379475
  },
  {
    "id": "VEN",
    "name": "Venezuela",
    "img": "https://flagcdn.com/ve.svg",
    "continent": "South America",
    "capital": "Caracas",
    "subRegion": "South America",
    "area": 916445,
    "population": 28435943
  },
  {
    "id": "WLF",
    "name": "Wallis and Futuna",
    "img": "https://flagcdn.com/wf.svg",
    "continent": "Oceania",
    "capital": "Mata-Utu",
    "subRegion": "Polynesia",
    "area": 142,
    "population": 11750
  },
  {
    "id": "GUY",
    "name": "Guyana",
    "img": "https://flagcdn.com/gy.svg",
    "continent": "South America",
    "capital": "Georgetown",
    "subRegion": "South America",
    "area": 214969,
    "population": 786559
  },
  {
    "id": "ATG",
    "name": "Antigua and Barbuda",
    "img": "https://flagcdn.com/ag.svg",
    "continent": "North America",
    "capital": "Saint John's",
    "subRegion": "Caribbean",
    "area": 442,
    "population": 97928
  },
  {
    "id": "BEL",
    "name": "Belgium",
    "img": "https://flagcdn.com/be.svg",
    "continent": "Europe",
    "capital": "Brussels",
    "subRegion": "Western Europe",
    "area": 30528,
    "population": 11555997
  },
  {
    "id": "BGR",
    "name": "Bulgaria",
    "img": "https://flagcdn.com/bg.svg",
    "continent": "Europe",
    "capital": "Sofia",
    "subRegion": "Southeast Europe",
    "area": 110879,
    "population": 6927288
  },
  {
    "id": "VGB",
    "name": "British Virgin Islands",
    "img": "https://flagcdn.com/vg.svg",
    "continent": "North America",
    "capital": "Road Town",
    "subRegion": "Caribbean",
    "area": 151,
    "population": 30237
  },
  {
    "id": "MYS",
    "name": "Malaysia",
    "img": "https://flagcdn.com/my.svg",
    "continent": "Asia",
    "capital": "Kuala Lumpur",
    "subRegion": "South-Eastern Asia",
    "area": 330803,
    "population": 32365998
  },
  {
    "id": "CCK",
    "name": "Cocos (Keeling) Islands",
    "img": "https://flagcdn.com/cc.svg",
    "continent": "Asia",
    "capital": "West Island",
    "subRegion": "Australia and New Zealand",
    "area": 14,
    "population": 544
  },
  {
    "id": "COG",
    "name": "Republic of the Congo",
    "img": "https://flagcdn.com/cg.svg",
    "continent": "Africa",
    "capital": "Brazzaville",
    "subRegion": "Middle Africa",
    "area": 342000,
    "population": 89561404
  },
  {
    "id": "PLW",
    "name": "Palau",
    "img": "https://flagcdn.com/pw.svg",
    "continent": "Oceania",
    "capital": "Ngerulmud",
    "subRegion": "Micronesia",
    "area": 459,
    "population": 18092
  },
  {
    "id": "LKA",
    "name": "Sri Lanka",
    "img": "https://flagcdn.com/lk.svg",
    "continent": "Asia",
    "capital": "Sri Jayawardenepura Kotte",
    "subRegion": "Southern Asia",
    "area": 65610,
    "population": 21919000
  },
  {
    "id": "MLI",
    "name": "Mali",
    "img": "https://flagcdn.com/ml.svg",
    "continent": "Africa",
    "capital": "Bamako",
    "subRegion": "Western Africa",
    "area": 1240192,
    "population": 20250834
  },
  {
    "id": "AUS",
    "name": "Australia",
    "img": "https://flagcdn.com/au.svg",
    "continent": "Oceania",
    "capital": "Canberra",
    "subRegion": "Australia and New Zealand",
    "area": 7692024,
    "population": 25687041
  },
  {
    "id": "MYT",
    "name": "Mayotte",
    "img": "https://flagcdn.com/yt.svg",
    "continent": "Africa",
    "capital": "Mamoudzou",
    "subRegion": "Eastern Africa",
    "area": 374,
    "population": 226915
  },
  {
    "id": "TUV",
    "name": "Tuvalu",
    "img": "https://flagcdn.com/tv.svg",
    "continent": "Oceania",
    "capital": "Funafuti",
    "subRegion": "Polynesia",
    "area": 26,
    "population": 11792
  },
  {
    "id": "ATF",
    "name": "French Southern and Antarctic Lands",
    "img": "https://flagcdn.com/tf.svg",
    "continent": "Antarctica",
    "capital": "Port-aux-Français",
    "area": 7747,
    "population": 400
  },
  {
    "id": "BRA",
    "name": "Brazil",
    "img": "https://flagcdn.com/br.svg",
    "continent": "South America",
    "capital": "Brasília",
    "subRegion": "South America",
    "area": 8515767,
    "population": 212559409
  },
  {
    "id": "SLE",
    "name": "Sierra Leone",
    "img": "https://flagcdn.com/sl.svg",
    "continent": "Africa",
    "capital": "Freetown",
    "subRegion": "Western Africa",
    "area": 71740,
    "population": 7976985
  },
  {
    "id": "UGA",
    "name": "Uganda",
    "img": "https://flagcdn.com/ug.svg",
    "continent": "Africa",
    "capital": "Kampala",
    "subRegion": "Eastern Africa",
    "area": 241550,
    "population": 45741000
  },
  {
    "id": "DZA",
    "name": "Algeria",
    "img": "https://flagcdn.com/dz.svg",
    "continent": "Africa",
    "capital": "Algiers",
    "subRegion": "Northern Africa",
    "area": 2381741,
    "population": 44700000
  },
  {
    "id": "QAT",
    "name": "Qatar",
    "img": "https://flagcdn.com/qa.svg",
    "continent": "Asia",
    "capital": "Doha",
    "subRegion": "Western Asia",
    "area": 11586,
    "population": 2881060
  },
  {
    "id": "GBR",
    "name": "United Kingdom",
    "img": "https://flagcdn.com/gb.svg",
    "continent": "Europe",
    "capital": "London",
    "subRegion": "Northern Europe",
    "area": 242900,
    "population": 67215293
  },
  {
    "id": "HRV",
    "name": "Croatia",
    "img": "https://flagcdn.com/hr.svg",
    "continent": "Europe",
    "capital": "Zagreb",
    "subRegion": "Southeast Europe",
    "area": 56594,
    "population": 4047200
  },
  {
    "id": "MLT",
    "name": "Malta",
    "img": "https://flagcdn.com/mt.svg",
    "continent": "Europe",
    "capital": "Valletta",
    "subRegion": "Southern Europe",
    "area": 316,
    "population": 525285
  },
  {
    "id": "AFG",
    "name": "Afghanistan",
    "img": "https://upload.wikimedia.org/wikipedia/commons/5/5c/Flag_of_the_Taliban.svg",
    "continent": "Asia",
    "capital": "Kabul",
    "subRegion": "Southern Asia",
    "area": 652230,
    "population": 40218234
  },
  {
    "id": "BDI",
    "name": "Burundi",
    "img": "https://flagcdn.com/bi.svg",
    "continent": "Africa",
    "capital": "Gitega",
    "subRegion": "Eastern Africa",
    "area": 27834,
    "population": 11890781
  },
  {
    "id": "SVK",
    "name": "Slovakia",
    "img": "https://flagcdn.com/sk.svg",
    "continent": "Europe",
    "capital": "Bratislava",
    "subRegion": "Central Europe",
    "area": 49037,
    "population": 5458827
  },
  {
    "id": "ABW",
    "name": "Aruba",
    "img": "https://flagcdn.com/aw.svg",
    "continent": "North America",
    "capital": "Oranjestad",
    "subRegion": "Caribbean",
    "area": 180,
    "population": 106766
  },
  {
    "id": "MHL",
    "name": "Marshall Islands",
    "img": "https://flagcdn.com/mh.svg",
    "continent": "Oceania",
    "capital": "Majuro",
    "subRegion": "Micronesia",
    "area": 181,
    "population": 59194
  },
  {
    "id": "MOZ",
    "name": "Mozambique",
    "img": "https://flagcdn.com/mz.svg",
    "continent": "Africa",
    "capital": "Maputo",
    "subRegion": "Eastern Africa",
    "area": 801590,
    "population": 31255435
  },
  {
    "id": "IMN",
    "name": "Isle of Man",
    "img": "https://flagcdn.com/im.svg",
    "continent": "Europe",
    "capital": "Douglas",
    "subRegion": "Northern Europe",
    "area": 572,
    "population": 85032
  },
  {
    "id": "LCA",
    "name": "Saint Lucia",
    "img": "https://flagcdn.com/lc.svg",
    "continent": "North America",
    "capital": "Castries",
    "subRegion": "Caribbean",
    "area": 616,
    "population": 183629
  },
  {
    "id": "ALB",
    "name": "Albania",
    "img": "https://flagcdn.com/al.svg",
    "continent": "Europe",
    "capital": "Tirana",
    "subRegion": "Southeast Europe",
    "area": 28748,
    "population": 2837743
  },
  {
    "id": "ARM",
    "name": "Armenia",
    "img": "https://flagcdn.com/am.svg",
    "continent": "Asia",
    "capital": "Yerevan",
    "subRegion": "Western Asia",
    "area": 29743,
    "population": 2963234
  },
  {
    "id": "OMN",
    "name": "Oman",
    "img": "https://flagcdn.com/om.svg",
    "continent": "Asia",
    "capital": "Muscat",
    "subRegion": "Western Asia",
    "area": 309500,
    "population": 5106622
  },
  {
    "id": "IRN",
    "name": "Iran",
    "img": "https://flagcdn.com/ir.svg",
    "continent": "Asia",
    "capital": "Tehran",
    "subRegion": "Southern Asia",
    "area": 1648195,
    "population": 83992953
  },
  {
    "id": "SGP",
    "name": "Singapore",
    "img": "https://flagcdn.com/sg.svg",
    "continent": "Asia",
    "capital": "Singapore",
    "subRegion": "South-Eastern Asia",
    "area": 710,
    "population": 5685807
  },
  {
    "id": "KOR",
    "name": "South Korea",
    "img": "https://flagcdn.com/kr.svg",
    "continent": "Asia",
    "capital": "Seoul",
    "subRegion": "Eastern Asia",
    "area": 100210,
    "population": 51780579
  },
  {
    "id": "CXR",
    "name": "Christmas Island",
    "img": "https://flagcdn.com/cx.svg",
    "continent": "Asia",
    "capital": "Flying Fish Cove",
    "subRegion": "Australia and New Zealand",
    "area": 135,
    "population": 2072
  },
  {
    "id": "BHS",
    "name": "Bahamas",
    "img": "https://flagcdn.com/bs.svg",
    "continent": "North America",
    "capital": "Nassau",
    "subRegion": "Caribbean",
    "area": 13943,
    "population": 393248
  },
  {
    "id": "MTQ",
    "name": "Martinique",
    "img": "https://flagcdn.com/mq.svg",
    "continent": "North America",
    "capital": "Fort-de-France",
    "subRegion": "Caribbean",
    "area": 1128,
    "population": 378243
  },
  {
    "id": "HND",
    "name": "Honduras",
    "img": "https://flagcdn.com/hn.svg",
    "continent": "North America",
    "capital": "Tegucigalpa",
    "subRegion": "Central America",
    "area": 112492,
    "population": 9904608
  },
  {
    "id": "MKD",
    "name": "North Macedonia",
    "img": "https://flagcdn.com/mk.svg",
    "continent": "Europe",
    "capital": "Skopje",
    "subRegion": "Southeast Europe",
    "area": 25713,
    "population": 2077132
  },
  {
    "id": "NRU",
    "name": "Nauru",
    "img": "https://flagcdn.com/nr.svg",
    "continent": "Oceania",
    "capital": "Yaren",
    "subRegion": "Micronesia",
    "area": 21,
    "population": 10834
  },
  {
    "id": "SWE",
    "name": "Sweden",
    "img": "https://flagcdn.com/se.svg",
    "continent": "Europe",
    "capital": "Stockholm",
    "subRegion": "Northern Europe",
    "area": 450295,
    "population": 10353442
  },
  {
    "id": "REU",
    "name": "Réunion",
    "img": "https://flagcdn.com/re.svg",
    "continent": "Africa",
    "capital": "Saint-Denis",
    "subRegion": "Eastern Africa",
    "area": 2511,
    "population": 840974
  },
  {
    "id": "NZL",
    "name": "New Zealand",
    "img": "https://flagcdn.com/nz.svg",
    "continent": "Oceania",
    "capital": "Wellington",
    "subRegion": "Australia and New Zealand",
    "area": 270467,
    "population": 5084300
  },
  {
    "id": "SUR",
    "name": "Suriname",
    "img": "https://flagcdn.com/sr.svg",
    "continent": "South America",
    "capital": "Paramaribo",
    "subRegion": "South America",
    "area": 163820,
    "population": 586634
  }
]